{
    "Parameters": {
        "Bubbling Time": {
            "value": "1",
            "unit": "sec"
        },
        "Magnetic Field": {
            "value": "1",
            "unit": "T"
        },
        "Temperature": {
            "value": "1",
            "unit": "K"
        },
        "Flow Rate": {
            "value": "1",
            "unit": "sccm"
        },
        "Pressure": {
            "value": "1",
            "unit": "psi"
        },
        "Valve Control Timing": {
            "value": "1",
            "unit": "sec"
        },
        "Activation Time": {
            "value": "1",
            "unit": "sec"
        },
        "Degassing Time": {
            "value": "1",
            "unit": "sec"
        },
        "Injection Time": {
            "value": "1",
            "unit": "sec"
        },
        "Transfer Time": {
            "value": "1",
            "unit": "sec"
        },
        "Recycle Time": {
            "value": "1",
            "unit": "sec"
        }
    },
    "Advanced": {
        "Valve Control Timing": {
            "value": "1",
            "unit": "sec"
        },
        "Activation Time": {
            "value": "1",
            "unit": "sec"
        },
        "Degassing Time": {
            "value": "1",
            "unit": "sec"
        },
        "Injection Time": {
            "value": "1",
            "unit": "sec"
        },
        "Transfer Time": {
            "value": "1",
            "unit": "sec"
        },
        "Recycle Time": {
            "value": "1",
            "unit": "sec"
        }
    },
    "Polarization_Method": "C:/Users/walsworthlab/Desktop/SABRE Program/config_files_SABRE/PolarizationMethods/SineWave.json"
}