{
    "description": "SLIC-SABRE 13C-pyruvate sequence: 1.8 µT drive @ 535.25 Hz plus 2 s half-passage 90° pulse",
    "daq_channel": "Dev1/ao0",
    "voltage_range": { "min": -10, "max": 10 },
    "initial_voltage": 0.0,
    "final_voltage": 0.0,
    "steps": 400,
    "ramp_sequences": [
    {
        "waveform": "sine",
        "frequency": 535.25,
        "amplitude": 0.0273,
        "duration": 8.0
    },
    {
        "waveform": "sine",
        "frequency": 535.25,
        "amplitude": 0.0606,
        "duration": 0.2
    },
    {
        "waveform": "sine",
        "frequency": 540.25,
        "amplitude": 0.0545,
        "duration": 0.2
    },
    {
        "waveform": "sine",
        "frequency": 545.25,
        "amplitude": 0.0485,
        "duration": 0.2
    },
    {
        "waveform": "sine",
        "frequency": 550.25,
        "amplitude": 0.0424,
        "duration": 0.2
    },
    {
        "waveform": "sine",
        "frequency": 555.25,
        "amplitude": 0.0364,
        "duration": 0.2
    },
    {
        "waveform": "sine",
        "frequency": 560.25,
        "amplitude": 0.0303,
        "duration": 0.2
    },
    {
        "waveform": "sine",
        "frequency": 565.25,
        "amplitude": 0.0242,
        "duration": 0.2
    },
    {
        "waveform": "sine",
        "frequency": 570.25,
        "amplitude": 0.0182,
        "duration": 0.2
    },
    {
        "waveform": "sine",
        "frequency": 575.25,
        "amplitude": 0.0121,
        "duration": 0.2
    },
    {
        "waveform": "sine",
        "frequency": 580.25,
        "amplitude": 0.0061,
        "duration": 0.2
    },
    {
        "waveform": "sine",
        "frequency": 585.25,
        "amplitude": 0.0,
        "duration": 0.2
    }
    ]
}